Org,Action,Org
IASL,Association of,Lanka
IRCSL,Commission of,Lanka
NAFLIA,Forum for,Advisors
IASL,decided with,onset
MSF,took upon,itself
MSF,took on,basis
ABA).HNB,joined in,contributing
ABA).HNB,joined at,Meeting
HNB,presence at,Meeting
HNB,takes Given,need
HNB,takes in,contributing
HNB,takes in,","
HNB,takes in,as
HNB,takes in,in
”HNB,presentation to,forum
the Asian Bankers Association,been Since,1981
ABA,groups with,objectives
HNB,is With,centres
HNB,declared at,Awards
Seylan Bank,Head of,Channels
Seylan Bank,Head of,Channels
Seylan Bank,partnered with,SUPERBOX
Seylan Bank,partnered Through,partnership
Seylan,partnership with,Service
Seylan,hotline on,88
Co-operative Insurance Company,been As,one
Co-operative Insurance Company,been in,forefront
Co-operative Insurance Company,been in,serving
Co-operative Insurance,increased In,2020
Co-operative Insurance,increased to,%
Co-operative Insurance,increased from,%
operative Insurance,founded in,1999
operative Insurance,founded as,firm
the Merchant Bank of Sri Lanka,manager for,issuance
the Co-operative Insurance?In,are As,per
the Life Insurance,comes under,company
the Life Insurance,comes as,subsidiary
Co-operative Insurance Company,establish as,company
the General Insurance Business,spin to,entity
Moody’s,raised to,stable
Moody’s,raised from,negative
Moody’s,raised on,Tuesday
Janashakthi Insurance PLC,revealed As,forerunner
industry?Janashakthi,looking at,revolutionising
Janashakthi Foundation,playing in,combating
Janashakthi Foundation,playing from,beginning
the Janashakthi Foundation,drives As,such
Union Assurance PLC,been at,forefront
Union Assurance,continued With,mission
Union Assurance,disrupted by,adding
Union Assurance,received for,leadership
Union Assurance,received for,and
Union Assurance,received for,for
Union Assurance,dedicated to,protecting
Union Assurance,continues With,branches
the US Federal Reserve,go on,unwinding
UN,Index for,transactions
Commercial Bank,operates in,Lanka
Million Dollar Round Table,association for,professionals
Softlogic Life’s,commitment as,asset
Softlogic Life’s,year as,organisation
GPTW,Hall of,Fame
Softlogic Life,breathed From,transforming
Softlogic Life,breathed From,to
Softlogic Life,breathed to,landscape
HNBA,built on,fundamentals
HNBA,had During,years
Life Insurance,providers in,country
HNBA,is for,‘
HNBA,is for,Rating
Central Banks,SDFR of,%
the Domestic Operations Department,refrained from,conducting
CFA Society Sri Lanka,announced with,together
CFA Society Sri Lanka,announced with,Partner
CFA Society Sri Lanka,continue Towards,goal
Union Assurance PLC,closed as,insurer
Union Assurance,certified as,Place
Union Assurance,certified for,year
Union Assurance,continues With,branches
Uber,transactions as,such
Uber,transactions as,rides
BA Econ,graduate with,MSc
“SDB bank,been throughout,pandemic
SDB bank,increased in,quarter
SDB bank,is on,momentum
SDB bank,is with,focus
Commercial Bank,offers for,loans
Commercial Bank,Loans for,construction
Capital Alliance Ltd.,introduced via,portal
Capital Alliance Ltd.,introduced By,eliminating
CAL,continues As,one
Capital Alliance,entered in,2000
People’s Bank,joined with,Council
The Central Bank,introduced with,intention
Kanrich Finance Ltd.,opened at,No
Kanrich Finance Ltd.,opened at,.
the Central Bank Domestic Operations Department,drained In,markets
the Central Bank Domestic Operations Department,drained during,week
the Central Bank Domestic Operations Department,drained on,basis
the Central Bank Domestic Operations Department,drained at,yields
CBSL,holding of,securities
Reuters,works on,floor
Reuters,works on,floor
Janus Henderson,said in,report
Global Equity Income,team at,Henderson
HSBC,reinstated Among,banks
the Bank of England,scrapped in,mid
the Bank of England,scrapped in,-
the Bank of England,scrapped in,July
IFL,ramps on,back
MMFSL,is with,stake
MMFSL,investment in,IFL
MMFSL,secured in,2020
Fitch Ratings,upgraded to,‘
Fitch Ratings,upgraded to,AA-(lka
Fitch Ratings,upgraded to,)
Fitch Ratings,upgraded to,’
Fitch Ratings,upgraded from,‘
Fitch Ratings,upgraded from,BB-(lka
Fitch Ratings,upgraded from,)
Fitch Ratings,upgraded from,’
Ideal Finance,recorded in,year
“Mahindra,demonstrating with,investment
Ideal Finance’s,presence in,areas
”IFL,commenced in,March
”IFL,commenced with,focus
NDB,relocated to,location
NDB,renewed With,relocation
NDB,continue With,expertise
Ceylinco Life,expanded following,opening
Ceylinco Life’s,branch in,Negombo
Ceylinco Life,operations in,area
Company,presence in,Negombo
Ceylinco Life,is in,process
ACMA,Institute of,Accountants
MRICS,Institute of,Surveyors
Council,organise for,betterment
APB,representative for,banks
Bank of Ceylon PLC,Bank of,Lanka
Bank of Colombo PLC,Bank of,India
the Domestic Operations Department,commenced in,order
BOC,introduced to,employees
Central Bank of Sri Lanka,have In,Lanka
CBSL,Bank of,Lanka
Sanasa Life Insurance,awarded upon,taking
Sanasa Life Insurance,engaged In,addition
Sanasa Life Insurance,engaged in,number
Sanasa Life Insurance,ascended to,status
Sanasa Life Insurance,ascended because,of
Sanasa Life Insurance,ascended because,role
Sanasa Life Insurance,established in,minds
Sanasa Life Insurance,established as,institution
Amãna Bank,completed ”On,August
Amãna Bank,completed during,period
Allianz Lanka,implemented into,system
VONB,exceeded for,each
Group,ratio of,%
LCSM,ratio of,%
Premier Agency,increased Compared,to
AIA,Purpose of,helping
AIA,Transforming into,organisation
the Public Enterprises Reform Commission,assisted from,1996
the Civil Aviation Authority,Department of,Aviation
the Ministry of Mass Media and Information,Ministry of,Development
Hotel Developers (Lanka) Ltd.,of from,2004
Hotel Developers (Lanka) Ltd.,of from,to
Hotel Developers (Lanka) Ltd.,of of,Ltd.
Hotel Developers (Lanka) Ltd.,of of,Ltd.
Hotel Developers (Lanka) Ltd.,of of,","
Hotel Developers (Lanka) Ltd.,of of,PLC
Lanka Sathosa Ltd.,served as,Director
the Attorney General’s Department,joined in,July
"Alliance Finance Co.,",opened at,location
the Sales Training and Development Team,thank for,job
Sampath Bank,offering through,Account
CBSL,Bank of,Lanka
Sampath Bank,offering through,deposit
Sampath Bank PLC,Head of,Mobilisation
The Government of Sri Lanka,introduced as,instrument
The Government of Sri Lanka,introduced in,April
the Central Bank of Sri Lanka,Government of,Lanka
CBSL,Bank of,Lanka
Softlogic Life,rank as,largest
Softlogic Life,recorded Compared,to
ASPL,applies on,securities
ASPL,reliance on,revenues
Fitch,incorporates in,assessment
Fitch,views as,sensitive
Fitch,deducts In,calculating
Fitch,deducts from,assets
ASPL,exposures to,entities
First Capital,maintains with,base
Wealth Trust SecuritiesThe,turned during,week
CBSL,holding of,securities
Abans Finance PLC’s,Rating on,Evolving
Fitch,removed from,Evolving
Abans Finance,announced on,August
SCAP,acquire from,PLC
Fitch,placed on,rating
Fitch,placed to,Outlook
The Central Bank of Sri Lanka,pursuing as,part
CBSL,Bank of,Lanka
Abans Finance,rate below,notches
Abans Finance,rate below,parent
Abans Finance,rate due,to
Abans Finance,rate due,role
Standard Chartered Sri Lanka,won at,Awards
Bank,Campaign on,Loan
Standard Chartered Sri Lanka,Head of,Banking
Banking and,institutions in,Asia
Unit Trust Funds,accessible to,generation
Softlogic Invest,offers With,solution
Softlogic Invest,offers to,Lankans
Money Market Fund,yield at,%
Money Market Fund,yield at,(
Money Market Fund,yield at,at
Money Market Fund,yield at,)
Money Market Fund,yield since,inception
Softlogic Invest,was among,companies
Softlogic Invest,was in,terms
Softlogic Life,has under,portfolio
Softlogic Invest,changed “As,entrant
Softlogic Invest,changed within,year
National Development Bank PLC,hosted on,August
NDB,achieved amidst,conditions
NDB,achieved during,half
NDB,achieved with,enhancement
National Development Bank PLC,awarded at,Awards
Shareek Islamic Banking,caters to,array
Bank,thrust towards,empowering
NDB,tapped In,line
NDB,tapped through,mobilising
Islamic Banking,product in,market
Bank,expanded to,customers
Bank,expanded through,Shareek
NDB Shareek,awarded amid,competition
Islamic Banking Unit,Shareek In,Year
NDB,been with,together
NDB,been with,insights
NDB,plays With,decades
NDB,plays in,projects
Bank,doing since,2015
Bank,doing under,Banking
Bank,granted under,Banking
NDB Group,positioned towards,assisting
Central Banks,SDFR of,%
CBSL,holding of,Securities
Investments and Finance PLC,done in,FY21
Bank,proposed With,aim
Bank,employed With,intention
Commercial Bank,was as,member
Union Assurance PLC,set with,launch
Union Assurance,continues With,branches
the Union Bank Board,served since,2017
the Union Bank Board,served as,Director
Board,committees of,bank
National Insurance Trust Fund,serves on,theBoard
UOL,School of,Economics
People’s Leasing Fleet Management Ltd.,PLC in,Bangladesh
StanChart,boosted in,common
Amãna Bank,emerged From,beginning
Amãna Bank,emerged as,institution
Amãna Bank,regard Amongst,initiatives
Amãna Bank,regard as,one
Sharia Supervisory Council,Board of,Directors
Bank,drawn in,taking
Fitch Ratings,affirmed In,October
Fitch Ratings,affirmed to,BB+(lka
Fitch Ratings,affirmed to,)
Fitch Ratings,affirmed with,Outlook
CBSL,holding of,Securities
The Bank of Ceylon,opened at,complex
HSBC Sri Lanka,continued On,backdrop
HSBC Sri Lanka,continued at,Banking
HSBC Sri Lanka,continued for,time
HSBC Country,Head of,Wealth
HSBC Sri Lanka,named in,Awards
HSBC Sri Lanka,named for,year
HSBC Sri Lanka’s,commitment to,country
SDB bank,continue for,years
NDBIB,advising on,listing
SDB bank,advising on,listing
Citizens Development Business Finance,etched in,history
Citizens Development Business Finance,etched by,ranked
CDB,insistence of,applying
CDB,worked in,year
CDB,worked on,beliefs
HNB PLC,joined with,Ltd.
HNB PAYFAST,is among,solutions
HNB PAYFAST,is without,charges
HNB,offers to,customers
PAYFAST,aimed at,improving
CBSL,Bank of,Lanka
Bank,Income during,half
Bank,booked during,period
Bank,momentum in,quarter
Bank,remained in,maintaining
Sampath Saviya Business Advisory Services,access by,calling
Sampath Saviya Business Advisory Services,access by,or
Sampath Saviya Business Advisory Services,access by,by
Bank,shifted With,rise
Bank,transforming As,part
Bank,transforming into,company
Bank,transforming from,approach
Investment+ augers,augers in,environment
Investment+ augers,augers as,solution
Union Assurance,continues With,branches
AIA Insurance,recognised in,list
AIA Sri Lanka,recognised in,list
AIA,recognised as,Workplace
AIA,recognised for,year
AIA,inducted into,Hall
AIA,inducted in,2017
AIA,inducted in,year
AIA Sri Lanka,received from,institute
AIA Sri Lanka,received over,years
AIA,success in,differentiating
The Commercial Bank of Ceylon,recognised as,Brand
The Commercial Bank of Ceylon,recognised in,2021
Commercial Bank,named in,ranking
Brand Finance PLC,headquartered in,London
Brand Finance,rankings for,Lanka
Bank,is In,addition
Bank,is at,level
awardTaxperts Lanka Ltd.,won at,Awards
SLASSCOM,Association of,Companies
Taxperts,won at,Awards
ICTA,Agency of,Lanka
Taxperts,nominated for,Award
Taxperts,nominated in,2019
Taxperts,enables in,particular
Finance,preparing for,milestone
Finance,preparing by,listing
NDB Investment Bank,Advisors to,listing
F.J. & G. de Saram,Firm as,Advisors
Sampath Bank PLC,Firm as,Advisors
LCB,awarded at,Awards
LCB,awarded in,UK
LCB,achieved At,end
“The Rating Committee,revised after,consideration
“The Rating Committee,revised from,outlook
“The Rating Committee,revised to,Stable
NDB Wealth,provided with,plans
Fitch Ratings,upgraded to,‘
Fitch Ratings,upgraded to,AA-(lka
Fitch Ratings,upgraded to,)
Fitch Ratings,upgraded to,’
Fitch Ratings,upgraded from,‘
Fitch Ratings,upgraded from,BB-(lka
Fitch Ratings,upgraded from,)
Fitch Ratings,upgraded from,’
Fitch,expectation of,support
Fitch,expectation based,on
MMFSL,stake in,Ideal
Ideal,be of,importance
Ideal,be due,to
Ideal,be due,role
MMFSL,investment in,Ideal
Ideal,importance to,parent
APB – Sri Lanka,formed in,July
APB,formed with,mission
APB,functions as,forum
APB,continued Since,1998
the University of Kelaniya – Sri Lanka,holds from,University
The Banking with the Poor Network,Services for,Settlement
Avira,Programme in,Switzerland
the Insead Executive Management Programme,Programme in,Switzerland
LankaClear,launched in,2017
LankaClear,launched under,direction
LankaClear,launched with,objective
Pan Asia Bank,been on,journey
CFA Institute,Director of,Relations
CFA Institute,Director with,winning
CFA CFA Society,Director of,Relations
CFA CFA Society,Director with,winning
CC,restructured In,bid
CC,restructured by,converting
CC,led With,experience
CFA,Director of,Relations
CDB,be at,forefront
CDB,be in,supporting
CDB,initiated With,this
CDB,be in,support
Finance PLC,Bank of,Lanka
the Board of Directors,comprises of,Ratwatte
Sri Lanka Insurance,held at,AGM
Sri Lanka Insurance,held via,platform
Sri Lanka Insurance,held on,July
Sri Lanka Insurance,recorded in,2020
SLIC,delivered “Notwithstanding,environment
SLIC,delivered in,2020
SLIC,trajectory for,years
SLIC,improve based,on
Sri Lanka Insurance Corporation,is with,base
Sri Lanka Insurance,ranked as,Brand
Sri Lanka Insurance,ranked in,country
Sri Lanka Insurance,ranked for,year
Sri Lanka Insurance,recognised as,Place
IFC,investments in,region
IFC,focus in,Asia
IFC,operations in,Angola
IFC,joined in,2006
IFC,joined as,Officer
Tecnologico de Monterrey –,degrees from,Monterrey
IFC,Director of,Mobilisation
HNB,demonstrated in,each
HNB,pivot to,products
the Central Bank of Sri Lanka,supported during,year
CBSL,Bank of,Lanka
HNB,adopted in,providing
HNB,accolades including,recognition
Seylan Bank,Head of,Channels
Seylan Bank,joined with,PayHere
PayHere,join with,account
Seylan Bank,contributed towards,growth
Seylan Bank,contributed by,mobilising
PayHere,join through,process
Seylan Bank,operates with,vision
CBSL,holding of,securities
Korea University,Lecturer in,Economics
Kanrich,turn into,company
KFL,celebrates in,October
Central Banks,SLDR of,%
Central Banks,SLFR of,%
Sunshine Holdings,emerged as,awardee
Sunshine Holdings,emerged at,Awards
Sunshine Holdings’,efforts towards,maintaining
APB,Association of,Bankers
Million Dollar Round Table,association for,professionals
MDRT,recognised as,standard
MDRT,companies in,world
Softlogic Life’s,commitment towards,innovating
MPC,introduced As,testament
MPC,introduced to,portfolio
MPC,introduced in,May
Corporate Debt Structuring,introduced As,testament
Corporate Debt Structuring,introduced to,portfolio
Corporate Debt Structuring,introduced in,May
MPC,established in,response
Minato M Power Capital Ltd.,established in,response
Central Banks,SLDR of,%
PAP,PLC to,grid
Emerald Sri Lanka Fund,sold along,with
Emerald Sri Lanka Fund,sold for,value
NDB Investment Bank,acted as,advisor
RIL Property PLC,select as,investor
Emerald Sri Lanka Fund’s,investment in,Power
Panasian Power,recorded Despite,disruptions
Panasian Power,recorded in,year
PAP,is on,forefront
Panasian Power,has On,back
Panasian Power,IPP as,per
JAT Holdings,taps through,Offering
JAT Holdings,taps as,entity
NDB Capital,belong to,conglomerate
the NDB Banking Group,conglomerate in,Lanka
NDB Group,positioned towards,assisting
Seylan Bank,work As,part
Seylan Bank,work alongside,Chamber
CCC,Chamber of,Commerce
Bank,coming on,board
”The CCC Centre for SMEs,conduct in,addition
HNB,Head of,Cards
HNB,captured before,even
HNB,captured before,pandemic
HNB IPG,recorded in,merchants
HNB IPG,recorded during,period
HNB IPG,recorded with,embracing
LOLC,is With,trend
LOLC Finance,operating as,partner
iPay,makes With,operating
The Monetary Board,kept at,announcement
The Monetary Board,kept at,%
The Monetary Board,kept for,announcement
Central Banks,SLDR of,%
Central Bank of Sri Lanka,seen at,announcement
Central Banks,Rate of,%
Central Banks,Rate of,LKR
Alliance Finance Co. PLC,renewed by,receiving
AFC,has In,addition
FMO,has in,philosophy
FMO,commitment to,supporting
AFC,dedicated from,inception
AFC,equipped at,juncture
AFC,equipped with,philosophy
AFC,embraced in,2012
AFC,became In,2020
SSCI,governed under,Council
ADO,reflects with,ambience
DFCC Bank,awarded after,merger
DFCC Bank,takes in,ability
Bank,creation during,times
FASL,Association of,Lanka
CBSL,Bank of,Lanka
LankaClear,been in,forefront
LankaClear,been in,revolutionising
The Asian Banker’s,Lanka in,Colombo
MAS,Authority of,Singapore
the ASEAN Bankers Association,Authority of,Singapore
BOC,Bank of,Ceylon
Basel III Compliant,issue with,features
SEC,Commission of,Lanka
Central Bank of Sri Lanka,Commission of,Lanka
BOC,introduced In,July
BOC,introduced to,market
BOC,introduced through,Bonds
BOC,introduced with,issuance
BOC,raised in,December
BOC,raised via,issue
BOC,raised with,features
BOC,has Over,decades
BOC,cherishes by,providing
BOC,raised Among,achievements
BOC,raised by,issuing
HSBC Sri Lanka,Head of,Wealth
Janashakthi Insurance PLC,announced with,appointment
the Board of Directors,comprises With,appointments
the Board of Directors,comprises of,Schaffter
Ministry of Crab,group with,restaurants
the Institute of Chartered Management Accountants,Institute of,Accountants
PIM,Institute of,Management
PIM,Institute of,University
CNN,Representative for,Lanka
CIMA,Institute of,Accounting
the Chartered Institute of Marketing – UK,Diploma in,Marketing
the Chartered Institute of Marketing – UK,Diploma from,Institute
People’s Bank,held on,July
People’s Bank Corporate and Executive Management,were on,occasion
the Steuart by Citrus,Participating in,promotion
The Burger,Steuart by,Citrus
Mount Lavinia Hotel,Participating in,promotion
Maharaja Palace,Participating in,promotion
Quick Med,Promate on,stationery
Rancrisp Cashew,adds to,mix
Bank,offers in,segment
JAT Holdings,established Following,decades
JAT Holdings,established as,leader
WHITE,expanding by,initiatives
JAT,going for,IPO
JAT,going in,future
JAT,is With,presence
LB Finance PLC,appointed to,Board
LB Finance PLC,appointed as,Director
the Board of Directors,comprises With,appointment
the Board of Directors,comprises of,Gunawardena
the Colombo Stock Exchange,approving in,principle
Dialog Finance’s,assets per,share
Dialog Finance’s,assets as,at
Softlogic Finance,backed by,way
Softlogic Finance’s,book of,Billion
Central Banks,SLDR of,%
CBSL,holding of,Securities
MMBL Money Transfer,increased by,%
MMBL Money Transfer,increased notwithstanding,epidemic
MMBL Money Transfer,provides with,network
Third Party Administration,supports in,services
Clicklife,reinforces with,solutions
Union Assurance,continues With,branches
Commercial Bank of Ceylon,named among,giants
The Banker,magazine of,UK
Banker,ranks on,primarily
Banker,ranks on,basis
Banker,ranks from,1
Banker,ranks from,to
Banker,ranks on,primarily
Banker,ranks on,capital
Commercial Bank of Ceylon,ended with,assets
The Central Bank,made on,Monday
The Central Bank,made according,to
Government,starving of,exchange
the Central Bank,printing Due,to
the Central Bank,printing Due,drop
Government,address given,tied
Government,address for,start
National Development Bank,Head of,Compliance
The Chamber Academy,joined with,Ltd.
National Development Bank,Head of,Compliance
Citizens Development Business Finance PLC,began in,Kurunegala
Citizens Development Business Finance PLC,began with,ceremony
CDB,portfolio of,products
Commercial Leasing & Finance PLC,recorded In,performance
Commercial Leasing & Finance PLC,recorded despite,challenges
CLC,recorded In,contrast
CLC,recorded with,downturn
CLC,has Despite,portfolio
CLC,is on,drive
CLC,launching through,introduction
CLC,leverage on,platform
the LOLC Group’s,performance in,year
CLC,ranked in,brands
CLC,reaffirmed During,year
CLC,reaffirmed as,stable
CBSL,holding of,securities
National Development Bank PLC,named in,addition
NDB,felicitated with,Bank
NDB,felicitated in,addition
NDB,felicitated with,Segment
NDB,introduced For,instance
NDB,introduced during,time
NDB,plays With,decades
NDB,crowned as,Bank
NDB,crowned at,Awards
Asiamoney,Awards for,Lanka
NDB,crowned as,Bank
People’s Bank Dankotuwa Branch,moved to,location
People’s Bank Dankotuwa Branch,moved on,June
IFAC,Federation of,Accountants
the Chartered Institute of Public Finance and Accountancy,Federation of,Accountants
CIPFA,Institute of,Finance
IPSAS,provide for,governments
The Colombo Stock Exchange,Top from,left
The Colombo Stock Exchange,Top from,(
The Colombo Stock Exchange,Top from,left
The Colombo Stock Exchange,Top from,):
The Colombo Stock Exchange,Top from,Beddage
Acuity Partners Ltd.,elaborated on,process
Chrissworld Ltd.,  Ltd.,As
Chrissworld Ltd.,  Ltd.,","
Chrissworld Ltd.,  Ltd.,Chrissworld
Chrissworld Ltd.,  Ltd.,","
Chrissworld Ltd.,  Ltd.,Ltd.
Atarah Capital Partners Ltd.,Ltd. As,advisors
CSE,Head of,Origination
the Colombo Bourse,remained amidst,turnover
NDB Securities,said as,highest
Union Assurance PLC,served as,Officer
NDB Wealth Management Ltd.,served as,President
NDB Wealth Management Ltd.,served for,years
Comtrust,is Given,advice
DFCC Bank PLC,Bank of,Ceylon
DFCC Bank PLC,Bank of,PLC
People’s Leasing &,Company of,PLC
Sampath Bank,was with,approvals
Corporate Finance Unit,specialises in,structuring
CBSL,holding of,Securities
NDB,taken with,partnership
Fitch,deems as,having
Fitch,downgraded in,March
NDB Bank,partnered with,platform
NDB Bank,partnered in,order
NDB Bank,tied in,effort
NDB Bank,tied with,platform
NDB Bank,tied in,order
NDB,been during,Even
NDB,been during,one
NDB,been at,forefront
SL@100,work with,firms
SL@100,work in,optimising
USAID,Agency for,Development
NDB,provide As,Partner
NDB,provide to,companies
NDB,collaborate In,addition
NDB,collaborate on,hosting
USAID,Director for,Lanka
NDB,partnered Under,initiative
NDB,partnered with,number
Bank,tied with,Maersk
Bank,tied as,means
Bank,tied in,addition
NDB,linking Through,this
NDB,linking with,EDB
Bank,crowned as,Bank
NDB Group,positioned towards,assisting
USAID,provided for,years
The US Government,invested since,1956
USAID,work in,Lanka
SDB bank’s,growth for,period
NDB Investment Bank Ltd.,advising as,Advisors
NDB Investment Bank Ltd.,advising to,SPO
SDB bank,advised on,listing
SDB bank,advised amongst,transactions
SDB bank’s,support of,SMEs
CBSL,holding of,securities
HNB,departments of,bank
HNB,Head of,Leasing
HNB,facilitated Through,officers
HNB,facilitated through,initiative
the CFA Society Sri Lanka,leading On,back
the CFA Society Sri Lanka,leading in,helping
RBC Global Asset Management,Manager of,Equities
the CFA Institute’s,Certificate in,Investing
MAS Holdings,Head of,Sustainability
State,commitment to,maintaining
Prime Lands Residencies,commenced As,addition
KPMG,summary on,taxation
Global Reporting Initiative,organising Following,success
Global Reporting Initiative,organising in,collaboration
Global Reporting Initiative,organising on,17
Global Reporting Initiative,organising on,","
Global Reporting Initiative,organising from,a.m.
Global Reporting Initiative,organising from,to
GRI,pioneered in,1990s
GRI,working with,UN
CASL,Institute of,Accountants
SEC,Commission of,Lanka
GRI South Asia,engaged in,collaboration
GRI South Asia,engaged with,companies
GRI South Asia,engaged through,series
CSE,launched in,collaboration
Association of Alternate Financial Institutions,partnered with,organisation
AAFI,Association of,Institutions
AAFI,formed in,2015
AAFI,formed for,purpose
CBSL,holding of,securities
Ceylinco Life,ranked in,2021
Ceylinco Life,ranked in,edition
Brand Finance,rankings of,brands
Ceylinco Life,leader for,years
Brand Finance,bridges by,quantifying
Ceylinco Life,been for,half
ICCSL,Chamber of,Commerce
CIMA,Institute of,Accountants
NDB Bank,holds with,Solutions
Bank,made in,landscape
NDB Bank,be With,vKYC
NDB Bank,chosen for,expertise
OneConnect,chosen for,expertise
NDB Banks,tap on,need
Norfund,appointed to,Board
Norfund,appointed following,investment
The Norwegian Investment Fund for developing countries,focuses on,businesses
Norfund,Fund for,countries
The Financial Intelligence Unit,issued updating,inter
The Financial Intelligence Unit,issued updating,-
The Financial Intelligence Unit,issued updating,related
The Financial Intelligence Unit,issued updating,of
The Financial Intelligence Unit,issued updating,as
CBSL,Bank of,Lanka
Bank of Ceylon,recorded by,reaching
BOC,Bank of,Ceylon
BOC,become in,Lanka
BOC,expanded From,branch
BOC,expanded to,network
BOC,operates in,London
Bank of Ceylon,taken In,terms
BOC,invested in,keeping
BOC,expanded In,addition
BOC,expanded beyond,mark
BOC,expanded over,year
BOC,demonstrated over,years
Central Banks,SDFR of,%
Central Banks,SLFR of,%
Central Banks,SDFR of,LKR
Lanka,sign at,outlet
Bank,hotline on,800
Norfund,bring on,board
CIMA,Institute of,Accountants
CIMA,Institute in,Lanka
the Bangladesh Central Bank,opt for,loan
S&P,cut to,‘
S&P,cut to,CCC+
S&P,cut from,B-
S&P,cut from,’
S&P,cut from,for
the Bangladesh Central Bank,opt for,loan
BCB,grant at,interest
Union Assurance,forges Despite,ambiguity
Union Assurance,forges on,transformation
Union Assurance,forges with,solutions
First Capital Holdings PLC,upgraded to,[
First Capital Holdings PLC,upgraded to,SL]A
First Capital Holdings PLC,upgraded with,outlook
First Capital Holdings,declared in,March
First Capital Holdings Board,comprises of,Fernando
Colombo Stock Exchange,launched on,May.
NDB Investment Bank,come as,partner
NDB Investment Bank,President of,Advisory
NDB Investment Bank,Manager of,Advisory
PLC,branched Since,inception
PLC,branched to,part
PLC,branched with,network
PLC,branched by,2021
PLC,employs across,roles
PLC,has among,companies
PLC,digitise for,convenience
PLC,hold as,benchmark
CBSL,holding of,Securities
Wealth Trust SecuritiesThe,sentiment at,auctions
OECD,Organisation for,Cooperation
G20,Organisation for,Cooperation
G7,group of,nations
G20,session in,July
G20,session in,Venice
SDB bank’s,relationship with,Fiserv
SDB bank’s,incorporation of,features
Signature,platform from,Fiserv
SDB bank’s,adoption of,iteration
Fiserv,Manager of,India
SDB bank’s,position as,trailblazer
Bank of Ceylon,adopts through,unit
BOC,Bank of,Ceylon
Government,assist with,agenda
Government,assist under,scheme
The Bank of Ceylon,commenced in,January
Kumara,concluded with,note
EU Commission,headquarters in,Brussels
Bourse,commenced in,territory
Bourse,commenced following,sessions
Dipped Products,included amongst,contributors
LMD,Publication for,2021
Sampath Bank,climbed In,rankings
Sampath Bank,climbed to,place
Sampath Bank,climbed from,ranking
Bank,ranked among,Brands
Bank,introduced Over,years
FMO,worked with,Bank
FMO,worked since,2004
Bank,provide with,access
FMO,appetite on,Bank
Nations Trust Bank,boost By,contributing
Nations Trust Bank,engaged Towards,achieving
Nations Trust Bank,engaged with,businesses
Nations Trust Bank,disbursed towards,fund
Blackrock’s,firm with,trillion
MSTR,announced in,June
the Financial Crimes Enforcement Network,reduced from,"3,000"
the Financial Crimes Enforcement Network,reduced to,250
Greenback,Trust In,God
Bitcoin,protect against,expropriation
BlackRock,Bank of,Canada
HSBC,Bank of,Lanka
HSBC,Bank in,Lanka
HNB Assurance,been for,decades
Union Assurance PLC,recognised as,Brand
Union Assurance PLC,recognised in,Lanka
Union Assurance PLC,recognised for,"2021,Union"
Union Assurance,harnessed Despite,challenges
Brand,philosophy of,protecting
Union Assurance,continues With,branches
CBSL,Bank of,Lanka
HNB,Head of,Marketing
HNB,introduced During,period
HNB,introduced to,Solo
HNB,introduced including,option
Solo,witnessed with,improvements
Central Depository Systems,offers during,COVID
CDS,diversified on,ends
CDS,diversified over,evolution
CDS,positioned With,contributions
CDS,positioned as,enabler
CDS,placed with,experience
CDS,placed in,disposition
CDS,equipped with,capability
Chrissworld Ltd.,listing at,CSE
CDS,approach to,diversification
CDS,advanced by,launching
CDS,leverage on,technology
CDS,offered In,striving
CDS,handled to,some
Asia Asset Finance PLC,gained with,resilience
AAF,expects with,expansion
the Google Play Store,from for,users
National Development Bank PLC,hosted on,May
NDB,achieved amidst,conditions
Sri Lanka Vanithabhimana,culminated in,March
NDB,crowned as,Bank
NDB Group,positioned towards,assisting
Government,borrowings along,with
NBER,Bureau of,Research
NBER,Bureau under,direction
University of Manchester,University of,California
University of Lund,University of,Manchester
Central Bank of Sri Lanka,Director of,Statistics
Chrissworld,Congratulating for,taking
Chrissworld,congratulated on,achieving
Chrissworld Limited,congratulate for,getting
the Bank for Everyone,launched in,response
DFCC Bank,allows In,case
DFCC Bank,offers As,convenience
DFCC Bank,offers at,service
MBSL,Bank of,Lanka
MBSL,said In,statement
”MBSL,entered as,bank
”MBSL,entered in,1982
MBSL,caters to,range
MBSL,caters through,activities
MBSL,caters through,network
Citizens Development Business Finance PLC,empowering by,providing
HNB,demonstrated during,year
HNB Group,recorded for,quarter
HNB,is among,Banks
HNB,is as,per
Amãna Bank,recognised with,awards
Amãna Bank,adjudicate as,Bank
Fitch Ratings,affirmed to,BB+(lka
Fitch Ratings,affirmed to,)
Fitch Ratings,affirmed with,outlook
MAS Holdings,concluded After,evaluation
MAS Holdings,concluded After,identify
MAS Holdings,concluded with,Rizing
MAS Holdings,concluded on,May.
Bank,role as,advisor
MAS Holdings,help in,completion
MAS Holdings,select through,evaluation
Standard Chartered,played ”In,addition
Standard Chartered,played in,process
SC Sri Lanka,connected with,network
Bank,advised in,divestment
Bank,advised in,years
MAS Holdings,advised in,divestment
MAS Holdings,advised in,years
Bank,advised In,addition
Bank,advised in,divestment
LafargeHolcim,advised In,addition
LafargeHolcim,advised in,divestment
Standard Chartered Sri Lanka,Head of,Corporates
Google,launched for,users
Google,foray in,market
Wise,launched in,2011
Wise,launched with,aim
Western Union,remains with,network
NDB,strategised in,response
Balance Sheet PerformanceNDB,sustained into,well
Balance Sheet PerformanceNDB,sustained into,Q1
NDB,relationships with,customers
Sri Lanka Vanithabhimana,culminated in,March
NDB,set with,deposits
Team NDB,geared With,brewing
NDB,take to,heights
CIMA,Institute of,Accountants
Amana Takaful’s,Board of,Directors
NCED,Council for,Development
TAFREN,force for,rebuilding
Amana Takaful Life Insurance,join as,Director
Mastercard,saw Over,period
Mastercard,saw In,quarter
Mastercard,saw compared,as
Mastercard,saw compared,to
Mastercard,saw with,momentum
Digital First,program in,Pacific
Mastercard,launched in,India
Allianz Insurance Lanka,Head of,Management
Allianz Insurance Lanka,Head of,Commercial
Union Assurance,continues With,branches
BOC,2020Bank of,Ceylon
BOC,position as,facilitator
BOC,standing as,‘
BOC,standing as,Bankers
BOC,standing as,’
BOC,offers Of,importance
BOC,acceptance of,security
BOC,emphasis on,lending
BOC,displays As,bank
BOC,displays in,leading
BOC,strength in,area
BOC,objective through,provision
BOC,efforts in,face
BOC,efforts with,focus
BOC,strength as,facilitator
BOC,approach to,loans
BOC,analyses As,part
BOC,analyses before,carrying
BOC,committed to,supporting
Commercial Bank,honoured with,Award
Commercial Bank,honoured for,quality
the EBA Oxford,developing Since,2000
Commercial Bank,operates in,Lanka
ADB,thanked In,statement
ADB,thanked for,support
ADB,interventions as,such
ADB,interventions as,investments
MoneyGram,waive Under,promotion
BlackRock,voted against,directors
BlackRock,said in,piece
BlackRock,said In,addition
BlackRock,taking under,Boss
BlackRock,said For,instance
BlackRock,said on,Wednesday
BlackRock,said Among,things
BlackRock,support for,resolutions
BlackRock,voted at,which
BlackRock,voted on,proposals
the UPTIME Institute of USA,awarded after,inspections
NDB Investment Bank,adjudged at,program
NDBIB,secured for,year
NDBIB,secured in,recognition
NDBIB,advised ”Despite,environment
NDBIB,advised on,transactions
NDBIB,advised during,year
NDBIB,advised on,transactions
NDBIB,advised during,period
NDBIB,advised in,sectors
NDBIB,named for,year
NDBIB,maintains in,Lanka
Amãna Bank,held on,platform
Amãna Bank,held in,adherence
Amãna Bank,held in,backdrop
AGM,hosted on,platform
AGM,hosted in,especially
AGM,hosted in,period
Marsh McLennan Cos Inc.,said on,Tuesday
People’s Leasing ,receives by,Director
Marks,move with,cover
People’s Insurance PLC,Head of,Operations
People’s Insurance PLC,has in,minds
Prime Lands Residencies,signifies with,payout
The Board of Directors,decide on,exercised
Prime Lands’,decide In,terms
Prime Lands’,decide based,on
GoSL,Government of,Lanka
DFCC Bank,signed In,effort
DFCC Bank,signed with,Department
DRP,Department for,Registration
DFCC Bank,make of,system
DFCC Bank’s,adoption of,solution
CBSL,Bank of,Lanka
Bank,continues down,pathway
LMD 100,ranking of,companies
Seylan Bank,moved placesfrom,three
Seylan Bank,moved placesfrom,ranking
Seylan Bank,moved after,performance
LMD,rankings of,2020
the Colombo Stock Exchange Daily Report,reports of,companies
Seylan Bank,operates with,vision
ATM,network of,units
Seylan Bank,endorsed as,organisation
Seylan Bank,endorsed to,A
Seylan Bank,named in,2019
the Bank of Ceylon,installed in,Meemure
BOC,Bank of,Ceylon
BOC,network of,CDM
Pan Asia Bank,remained during,years
Pan Asia Bank,played In,addition
Pan Asia Bank,played in,making
IESBA,Board for,Accountants
IESBA,CAG with,base
IESBA,developed In,support
NDB,raising via,Issue
First Capital,said In,report
NDB,expects With,RI
Norfund,secure via,RI
NDB,record above,expectation
NDB,expects in,term
Allianz Life Insurance Lanka,entered into,agreement
MasterCard,collects from,transactions
Mastercard,reported for,time
CDB,Manager From,left
DRP,Department for,Registration
CDB,placing at,forefront
the Emirates Islamic Bank,Bank in,Philippines
the MBSB Bank,Bank of,UAE
the Gulf Bank,Bank in,Malaysia
Wealth Trust SecuritiesThe,moderated during,week
Wealth Trust SecuritiesThe,moderated with,opting
CBSL,holding of,Security
StanChart,looking past,improvements
Citi,put for,sale
StanChart,are among,bidders
StanChart,release Unlike,lenders
the Q+ App,secure than,card
LANKAQR,Promotes with,discounts
CBSL,Bank of,Lanka
HNB,offered at,fairs
HNB,offered for,users
HNB,was among,institutions
LB Finance,signed with,Department
LB Finance,signed in,order
DRP,Department for,Registration
DRP,embarked upon,initiative
LB Finance,realise at,point
LB Finance,seen From,beginnings
LB Finance,seen over,decades
IUCN,Union for,Conservation
NDB Bank,honoured at,Awards
NDB Bank,honoured with,awards
NDB,been for,decades
NDB,been with,strategy
NDB,aims Through,initiative
NDB,made Over,years
NDB,made in,sector
NDB,made as,bank
NDB,evolved into,bank
NDB,offers As,conglomerate
NDB,crowned as,Bank
NDB Group,positioned towards,assisting
LOLC Finance,Manager of,Southern
LOLC Finance,carried For,time
LOLC Finance,carried on,execution
LOLC Finance,carried at,venue
LOLC Finance,operating as,partner
iPay,acclaimed With,operating
iPay,acclaimed as,app
Softlogic Finance,Head of,Channels
”First Capital,acted as,agent
”First Capital,acted to,issue
”First Capital,acted with,acting
Hatton National Bank,acting as,Trustee
National Savings Bank,Bank of,Ceylon
M Power Capital,revolutionised During,months
M Power Capital,revolutionised with,mobilising
MPC,assists Through,arm
MPC,assists by,offering
MPC,aims In,addition
MSCI,index of,shares
MSCI,index outside,Japan
the US Federal Reserve,stay at,meeting
CBSL,Bank of,Lanka
PMF,journey of,success
The Reserve Bank of India,said on,Monday
RBI,putting in,place
Yes Bank,rescued In,March
RBI,given until,October
Union Assurance,awarded for,adoption
Union Assurance,awarded in,recognition
Life Insurance Company of,awarded for,adoption
Life Insurance Company of,awarded in,recognition
Union Assurance’s,partnership with,Bank
Union Assurance,entered Amidst,challenges
Union Assurance,entered into,Hall
LMD,company in,Lanka
Union Assurance,continues With,branches
Mastercard,strengthening with,range
Digital First,program across,Pacific
Mastercard,network including,platform
Mastercard,network including,enable
Mastercard,QR on,Card
Mastercard,enabling With,demand
Mastercard,leading for,years
Mastercard,leading by,delivering
GrabPay,Mox by,Chartered
GrabPay,Mox in,SAR
RBL Bank,Atlantis in,Singapore
BOB Financial Solutions Ltd.,Bank in,also
BOB Financial Solutions Ltd.,Bank in,India
VIB,Bank in,also
VIB,Bank in,India
Sumitomo Mitsui Card Co. Ltd,VIB in,Vietnam
Digital First,program in,Pacific
Mastercard,offers For,program
People’s Bank,placed in,Unit
People’s Bank,placed as,Managers
People’s Bank Investment Banking Unit,reached by,ensuring
Ceylon Electricity Board,Issue of,billion
CEB,Debentures with,period
PBIBU,position as,leader
HNB SOLO,team with,merchant
HNB SOLO,team at,launch
CBSL,Bank of,Lanka
HNB,participated in,event
HNB,Bank of,Lanka
HNB,is Given,is
HNB,raised During,campaign
SOLO,facilities including,contact
SOLO,witnessed Since,launch
Fitch Ratings Lanka,affirmed at,'
Fitch Ratings Lanka,affirmed at,AAA(lka
Fitch Ratings Lanka,affirmed at,)
Fitch Ratings Lanka,affirmed at,'
Fitch,expectation of,support
CitiSL,status as,branch
CitiSL,status A+/Negative,a
CitiSL,status A+/Negative,)
Citibank,are compared,to
CitiSL,record of,level
Fitch,expectation of,support
Fitch,sees as,unlikely
Fitch,sees in,term
CBSL,SLFR of,%
Mobitel,Manager From,left
mCash,strives As,platform
mCash,strives by,forging
mCash,works in,partnership
mCash,experienced Over,years
mCash,experienced within,period
mCash,commitment to,bridging
mCash,be in,which
UPI,enabled In,partnership
UPI,enabled in,countries
UPI,enabled with,issuance
UPI,provides to,base
Treasury Department,said on,Friday
Treasury,said In,report
the Trump administration,labeled as,manipulators
the Trump administration,labeled in,December
SNB,remains In,view
the State Bank of Vietnam,said In,statement
Bank of Ceylon,acting as,Trustee
First Capital Holdings PLC,is With,decades
First Capital Holdings PLC,rated with,outlook
BOC,officials including,Silva
CBSL,officials at,stall
ComBank,stall at,event
LANKAQR,facility in,country
NDB NEOS,consists of,channels
NDB,crowned as,Bank
Payments and Settlements D Kumaratunge,positioned towards,assisting
CBSL,SLFR of,%
Doha Bank,entered into,agreements
“Doha Bank,plays in,facilitating
CBSL,holding of,Securities
Bank of Ceylon,recognised as,one
the Bank of Ceylon,has In,terms
Bank of Ceylon,is in,terms
BOC,creating at,step
BOC,creating for,itself
Sarvodaya Development Finance,won as,company
Sarvodaya Development Finance,won at,Awards
SDF,contributions towards,segments
SDF,contributions over,years
SDF,contributions over,","
SDF,contributions over,and
SDF,contributions over,in
SDF,stood of,Instead
SDF,stood of,forsaking
SDF,stood with,entrepreneurs
SDF,created As,provider
SDF,created in,aspects
SDF,created in,","
SDF,created in,and
SDF,created in,in
SDF,stand from,providers
SDF,adopted As,member
SDF,adopted in,delivery
SDF,values In,role
SDF,values as,essential
SDF,reach to,entrepreneurs
SDF,reach in,time
BOC,facility in,Galewela
BOC,apps including,banking
Central Banks’,decreased In,markets
Central Banks’,decreased to,billion
Central Banks’,stood at,%
Fairfirst Insurance Affinity Account Management,Weerasekara From,left
Fairfirst Insurance,partnered with,Ltd.
Fairfirst Insurance,known On,forefront
Fairfirst,offering During,phase
General Insurance,companies of,Lanka
Fairfirst,serves ”Among,companies
Fairfirst,serves through,workforce
Fairfax,has through,subsidiaries
Union Assurance’s,partnership with,Bank
Bancassurance,alliance in,industry
Union Assurance,continued With,drive
NDB,felicitated with,awards
Asiamoney,Awards for,Lanka
NDB,introduced during,time
NEOS,Branches with,together
NEOS,Branches with,App
NDB,plays With,decades
NDB,plays in,projects
Bank of Ceylon,recognised at,AGM
Bank of Ceylon,recognised for,contribution
ISACA,provides with,knowledge
BOC,introduced to,country
Softlogic Invest,arm of,Group
the Softlogic Money Market Fund,surpassed as,of
the Softlogic Money Market Fund,surpassed with,holders
the Softlogic Money Market Fund,received as,entrant
SEC,Commission of,Lanka
ICRA Lanka’s,assessment of,objectives
Union Bank’s,standards across,systems
Union Bank’s,compliance with,practices
Union Bank,is As,provider
Union Bank,is With,foundation
Union Bank,is amongst,banks
Bank,efforts towards,catering
Amãna Bank,adjudicate as,Bank
Bank,growth in,history
ABA,Committee on,Advocacy
HNB,supported During,pandemic
HNB,supported in,adopting
HNB,supported by,onboarding
HNB,present at,meeting
The Committee on Policy Advocacy,identifies for,discussion
HNB,is With,centres
the University of Colombo,Institute of,Accountants
the Association of Accounting Technicians Sri Lanka,Institute of,Taxation
Seylan Bank,been “As,bank
APB,Association of,Bankers
APB,be in,position
APB Sri Lanka,consists of,Rajapakse
The Central Bank of Sri Lanka,kept for,occasion
The Central Bank of Sri Lanka,kept at,announcement
Central Banks,SDFR of,%
HNBA,been at,forefront
HNBA,been in,servicing
HNBA,Head of,Business
HNBA,is for,‘
HNBA,is for,Rating
HNB General Insurance Ltd.,created Following,introduction
HNBA,rated within,brands
HDFC,performs At,present
HDFC,performs in,providing
People’s Bank,opened at,Centre
SBU,opened in,December
SBU,opened at,Office
CMA,Institute of,Accountants
CMA Sri Lanka,established in,1999
CMA Sri Lanka,established with,support
The Institute of Certified Management Accountants,incorporated in,April
The Institute of Certified Management Accountants,incorporated as,Institution
The Institute of Certified Management Accountants,incorporated under,Ministry
The Institute of Certified Management Accountants,incorporated under,and
The Institute of Certified Management Accountants,incorporated under,Industry
CMA,Institute of,Accountants
CMA,Institute of,Lanka
IFAC,Federation of,Accountants
South Asian Federation of Accountants,Federation of,Accountants
SAFA,Federation of,Accountants
the Confederation of Asian and Pacific Accountants,Federation of,Accountants
CAPA,Confederation of,Accountants
Northwestern University’s,School of,Management
Ceylinco General Insurance,expresses As,leader
Ceylinco General Insurance,expresses for,crowned
Ceylinco General Insurance,intertwined with,lives
Ceylinco General Insurance,intertwined as,brand
Ceylinco General Insurance,recorded During,2020
Ceylinco General Insurance,had in,survey
Ceylinco General Insurance,pioneered over,decades
Seylan Bank,installed at,Hospital
Seylan Bank,Manager of,Ratnapura
Seylan Bank,continues With,purpose
mCash,partnered with,Visa
mCash,merchants across,Lanka
Visa,process for,payments
mCash,addition of,LankaQR
mCash,addition via,Bank
mCash,merchants from,businesses
mCash,merchants from,to
LankaQR,launched through,initiative
CBSL,Bank of,Lanka
People’s Bank,celebrates As,bank
People’s Bank,was in,forefront
People’s Bank,is in,negotiation
People’s Bank,extended as,bank
People’s Bank,extended as,at
Bank,purchased from,auction
Bank,purchased in,2020
People’s Bank,bestowed with,accolades
People’s Bank,selected as,award
People’s Bank,selected at,Awards
Chamber of Commerce of Sri Lanka,ranked among,Companies
ICCSL,Chamber of,Commerce
ICCSL,Chamber of,Lanka
the Chartered Institute of Management Accountants,Chamber of,Commerce
the Chartered Institute of Management Accountants,Chamber of,Lanka
CIMA,Institute of,Accountants
People’s Bank,ranked among,Companies
People’s Bank,recognised as,one
People’s Bank,recognised in,2020
K-Seeds,ranked at,position
K-Seeds,ranked in,report
K-Seeds,ranked based,on
People’s Bank,ranked at,position
People’s Bank,ranked in,report
People’s Bank,ranked based,on
People’s Bank,sets on,future
People’s Bank,sets with,courage
NDB Investment Bank Ltd.,joined With,sentiments
NDB Investment Bank Ltd.,joined with,PLC
NDB Bank PLC,aim Throughout,webinar
Nations Trust Bank PLC,hosted on,March
Nations Trust Bank PLC,hosted in,environment
Nations Trust Bank PLC,is among,establishments
Bank,serves with,portfolio
Central Banks,SDFR of,%
Central Banks,SLFR of,5.50%.USD
Commercial Bank of Ceylon,won for,year
Commercial Bank of Ceylon,won from,Magazine
Commercial Bank’s,efforts in,identifying
Bank,contributions via,Trust
Bank,contributions to,spheres
Commercial Bank,assisted to,date
Commercial Bank,assisted with,programmes
Bank,support to,projects
Bank,support despite,pandemic
Commercial Bank,donated In,2020
Commercial Bank,donated to,Fund
Bank,funded in,year
Commercial Bank,contributes towards,Trust
LB Finance,joined in,2004
LB Finance,joined as,Manager
LB Finance PLC,subsidiary in,Myanmar
LB Microfinance Myanmar Company Ltd.,serves as,Director
Cardiff Metropolitan,University of,Wales
the Hatton National Bank PLC,achieved Under,leadership
the Hatton National Bank PLC,achieved in,years
HNB General Insurance,incorporated in,January
HNBA,ranked within,Brands
HNBA,ranked in,Lanka
the South Asian Federation of Accountants,Institute of,Accountants
HNB,Head of,Trade
Euromoney Magazine,recognized as,being
HNB Trade,is under,WBG
HNB Trade,is under,vertical
Centralised International Trade Services Department,located In,order
Centralised International Trade Services Department,located at,Mawatha
Centralised International Trade Services Department,located in,proximity
the Import and Export Control Department,Bank of,Lanka
HNB,offers from,structuring
HNB,offers from,to
HNB,selected as,bank
HNB,choose as,bank
HNB,position as,provider
HNB,served for,which
HNB,served as,bank
HNB,resumed With,onset
HNB,resumed at,counters
HNB,resumed under,guidelines
Bank,partnered During,period
Bank,partnered with,Board
HNB,Head of,Trade
HNB,establishing at,locations
People’s Leasing and Finance PLC.Marcelline,is in,addition
Corporate Banking,initiatives across,country
Corporate Banking,initiatives across,and
Corporate Banking,initiatives across,in
DFCC Bank,joined following,posting
the Financial Institutions Group,headed for,Lanka
the Financial Institutions Group,headed before,joining
DFCC Pinnacle,be with,together
DFCC Pinnacle,be with,customers
People’s Bank,adjudged as,Bank
Lankan Alliance Finance Ltd.,serves as,Director
Lanka Clear Ltd.,Bureau of,Lanka
the Colombo Stock Exchange,approving in,principle
the Colombo Stock Exchange,approving for,listing
LOLC Head Office,premises in,Rajagiriya
iPay,introduce to,friends
iPay,introducing to,users
iPay,is in,terms
iPay,is ”With,architecture
LOLC Finance,operating as,partner
iPay,acclaimed With,operating
iPay,acclaimed as,app
The Central Bank of Sri Lanka,declared as,Year
CBSL,Bank of,Lanka
National Savings Bank,declared as,Year
NSB,joined with,program
CBSL,Ministry of,Finance
Central Bank,been As,per
the National Enterprise Development Authority,Chamber of,Commerce
the National Enterprise Development Authority,Chamber of,Lanka
the National Enterprise Development Authority,Chamber for,year
the National Enterprise Development Authority,Chamber at,BMICH
HNB Finance PLC,continues with,introduction
LB Finance PLC,clinched at,Awards
LB Finance,continues during,Even
LB Finance,continues during,conditions
LB Finance PLC,licensed under,No
LB Finance PLC,licensed under,.
LB Finance,has from,Ltd.
LB Finance,has with,outlook
Allianz Insurance Lanka Ltd.,recognised as,Company
Allianz Insurance Lanka Ltd.,recognised at,Awards
Allianz Insurance Lanka Ltd.,recognised in,partnership
CLA,Academy for,Excellence
Allianz,demonstrated During,scan
The Bank of the People,reasserted by,securing
People’s Bank,Bank of,People
People’s Banking Service Provider of the Year,award for,year
SLIM,Institute of,Marketing
the Nielsen Company Lanka,Institute of,Marketing
People’s Bank,is with,comprising
People’s Bank,embarked With,view
People’s Bank,embarked on,journey
People’s Bank,embarked by,taking
People’s Bank,prides for,being
People's Bank,earned from,people
People's Bank,earned by,fulfilling
HNBA,partnered in,addition
HNBA,partnered with,Hospital
Singer Plus,DoubleTree by,Weerawila
Liya Harasara,offers In,addition
SLIM,body of,marketers
The Bank of Ceylon,been for,years
CBSL,holding of,Security
AIA,competed against,teams
AIA,competed in,rounds
AIA,emerged at,end
AIA,hesitates As,company
the Central Bank’s,SDFR of,%
”Fiserv,supporting since,2010
SDB bank,supporting since,2010
Central Banks,SLFR of,LKR
Janus Henderson,expected In,August
Standard Chartered,launching across,Asia
AIA Insurance,claimed with,introduction
AIA,is ”As,Company
AIA,is at,forefront
Chubb Ltd.,offered on,Thursday
Hartford Financial Services Group Inc.,acquire in,deal
Hartford,close of,57.41.Hartford
Chubb,said in,statement
Aon Plc’s,acquisition of,Watson
Chubb,created in,form
Chubb,created in,January
ACE Ltd.,bought for,billion
ACE Ltd.,bought with,retaining
Chubb Corp,bought for,billion
Chubb Corp,bought with,retaining
The Hartford,price at,billion
Fitch Ratings,said in,report
Chubb,provides in,countries
Hartford,sold in,1920
Hartford,sold for,protection
Chubb,traces to,1882
People’s Bank,conducted As,part
People’s Bank,conducted in,area
The Central Bank,introduced with,intention
Softlogic Life’s,commitment to,reporting
Softlogic Life,receiving for,report
Softlogic Life,entrusted with,protection
Softlogic Life,entrusted for,reasons
Softlogic Life,created for,stakeholders
Softlogic Life,created in,2020
Softlogic Life,elevated during,year
Softlogic Life,ranked in,market
Softlogic Life,ranked as,company
Softlogic Life,ranked in,report
Henley & Partners,seen In,months
Henley & Partners,opting for,portfolio
Henley & Partners Group,Head of,Clients
HNW,investors from,economies
Government,Ministry of,Health
Ceylinco Life,planned for,year
the Central Bank,play with,batBy
the Central Bank,play with,bat
DFCC Bank,Head of,Cards
DFCC Bank,partnered with,aim
DFCC Bank,partnered with,Visa
Visa,committed to,that
”DFCC Bank,setting in,market
”DFCC Bank,setting by,providing
HNBA,was amidst,challenges
HNBA,was as,Group
Board of Directors,thank for,job
HNBA,launch with,launch
HNBGI,came with,concept
AIA,portfolio with,sources
AIA,delivered despite,conditions
AIA,is in,business
AIA,is in,","
AIA,is in,in
Orient Finance PLC,relocated to,location
Orient Finance PLC,relocated in,order
People’s Bank,introduced At,occasion
People’s Bank,introduced in,lieu
Vanitha Vasana Debit Card,introduced At,occasion
Vanitha Vasana Debit Card,introduced in,lieu
People’s Bank,introduced in,lieu
The Association of Professional Bankers,hold on,Monday
The Association of Professional Bankers,hold at,Colombo
The Association of Professional Bankers,hold in,collaboration
APB,Association of,Bankers
PIM,Institute of,Management
University of Sri Jayewardenepura,Institute of,Management
The Boston Consulting Group,University of,Jayewardenepura
APB,contributed In,keeping
APB,contributed to,industry
APB,contributed during,years
Association,completed in,1998
Association,conducted In,years
Association,conducted on,theme
APB,conducting Since,then
APB,conducting on,basis
Council,decided As,measure
AGM,hold as,gathering
the Board of Directors,comprises of,Perera
Islamic Finance News’ (IFN,Winner IFN,’
Islamic Finance News’ (IFN,Winner IFN,(
Islamic Finance News’ (IFN,Winner IFN,)
LOLC Al-Falaah,emerged by,margin
IFN,emphasised In,statement
LOLC Finance’s,position in,space
CBSL,Bank of,Lanka
LB Finance,joined in,2004
Samurdhi Bank,declared on,Monday
The Institute of Chartered Accountants of Sri Lanka,launched in,collaboration
The Institute of Chartered Accountants of Sri Lanka,launched on,February
The Institute of Chartered Accountants of Sri Lanka,launched at,Monarch
The Institute of Chartered Accountants of Sri Lanka,launched with,participation
DFCC Bank’s,transition into,bank
DFCC Bank’s,transition in,2015
DFCC Bank,is among,banks
DFCC Bank,participates in,Line
DFCC Bank,participates for,projects
DFCC Bank,clinching by,Euromoney
DFCC Bank,ensures Unlike,institutions
DFCC Bank,continue During,times
DFCC Bank,assures By,leveraging
DFCC Bank,continues to,day
NDB Wealth,focusing on,encouraging
NDB Wealth,calls for,need
NDB Wealth’s,team of,planners
DFCC Bank,associationwith as,shareholders
NAMAL,launched in,1991
the NAMAL Acuity Value Fund,trust in,2009
NAMAL,launched In,keeping
NAMAL,been in,forefront
People’s Bank,taken In,view
People’s Bank,introduced On,Day
”People’s,vested with,responsibilities
Vanitha Vasana,introduces on,behalf
NDB,paid to,aspects
NDB,conducted to,However
NDB,conducted to,","
NDB,conducted to,due
NDB,conducted to,situation
NDB,conducted via,platforms
Capital Maharaja Group,thanked for,working
Dialog Axiata PLC,is With,initiative
BOC,Bank of,Ceylon
EXCOM,took on,space
BOC,made by,supporting
CBSL,Bank of,Lanka
DFCC Bank,appointed as,President
DFCC Bank,appointed with,effect
Industrial & Commercial Bank of China,is with,t
the Industrial & Commercial Bank of China,being with,assets
the Bank of China,Bank of,China
Group BPCE,banks in,Europe
Deutsche Bank AG,is with,assets
The Colombo Stock Exchange,hosting in,collaboration
CA Sri Lanka,Institute of,Accountants
Commercial Credit and Finance,Advises on,amalgamation
Bank of Ceylon,sets by,complying
BOC,joined In,regard
BOC,joined with,Department
BOC,joined through,system
Bank of Ceylon,involve With,signing
Bank of Ceylon,involve with,roadmap
DRP,roadmap for,base
BOC,identifies as,part
DRP,Bank of,Ceylon
DRP,premises at,Suhurupaya
Amãna Bank,ranked in,index
Amãna Bank,bestowed ”During,period
Amãna Bank,bestowed with,recognitions
Amãna Bank,won over,years
CBSL,Bank of,Lanka
iPay,using for,types
LOLC Finance,been at,forefront
LOLC Finance,operates as,partner
iPay,program on,merchants
Softlogic Life,joined in,2001
Softlogic Life,joined as,Head
Reuters,stands in,front
the Federal Reserve’s,hints at,ending
pan-EM,forecast for,year
HSBC Sri Lanka,Head of,Banking
HSBC,voted In,terms
HSBC,voted in,addition
HSBC Asia-Pacific Regional,Head of,Trade
HSBC,helped Since,inception
HSBC,helped by,giving
Goldman Sachs Group Inc.,team including,Moe
HSBC Sri Lanka,Head of,Wealth
HSBC,continuing platformsWith,banking
HSBC,continuing platformsWith,limitations
HSBC,invested Over,course
HSBC,invested in,technology
HSBC,committed With,goal
HSBC Sri Lanka,Head of,Wealth
HSBC,continuing As,bank
HSBC Sri Lanka,continue As,such
HSBC,offers for,customers
CBSL,Bank of,Lanka
HSBC,introduced as,bank
Union Assurance,opened at,Road
Sampath Bank,noted with,pride
Sampath Bank,achieved in,years
”Sampath Bank,rated amongst,Companies
ICCSL,Chamber of,Commerce
the Chartered Institute of Management Accountants,Chamber of,Commerce
CIMA,Institute of,Accountants
the Daily FT,Institute of,Accountants
Sampath Bank,placed in,edition
LMD,publication for,year
Sampath Bank,emerged According,to
Sampath Bank,emerged as,Brand
Sampath Bank,acknowledged as,Bank
The banker Magazine,ranked among,Banks
Sampath Bank’s,financials including,growth
Commercial Bank of Ceylon,declared based,on
The Asian Banker,publishing on,basis
The Asian Banker,publishing since,2007
Reliance Jio,said on,Friday
State of Private Equity,stood at,m
State of Private Equity,stood in,2020
Apollo Global Management,invested For,instance
Apollo Global Management,invested in,companies
Apollo Global Management,invested during,downturns
Apollo Global Management,invested including,acquisition
Apollo Global Management,invested during,pandemic
Stax,advises With,years
Stax,advises across,range
Stax,inspires With,base
CBSL,holding of,Security
Nations Trust Bank,participated in,providing
Nations Trust Bank Group,demonstrated Despite,circumstances
Nations Trust Bank Group,demonstrated with,growth
Siyapatha Finance PLC,maintains as,subsidiary
Siyapatha Finance,known for,assurance
Siyapatha Finance,aims at,providing
CBSL,requirement of,Billion
Siyapatha Finance,developed In,spite
Siyapatha Finance,improved by,responding
Siyapatha Finance,come In,spite
Siyapatha Finance,come for,customers
Mastercard,member for,Singapore
Sokin,offer Starting,in
Fitch Ratings,revised to,AA-(lka
Fitch Ratings,revised to,)
Fitch Ratings,revised to,with
Fitch Ratings,revised from,A+
Fitch Ratings,revised with,outlook
Fitch,downgrade of,rating
Fitch,downgrade on,November
Cargills Bank,places on,level
Cargills Bank,established ”As,arm
Cargills Bank,established in,2014
Cargills Bank,established with,vision
the Central Bank’s,vision of,society
Cargills Food City,supermarket in,country
Cargills Bank,headquartered in,Colpetty
Trade Finance and Investments PLC,amalgamated into,one
Commercial Credit and Finance PLC,one of,companies
CCF,provides with,base
K Seeds Investments Ltd.,acted as,advisor
Ceylinco Life,retaining for,year
Ceylinco Life,paid for,year
”Ceylinco Life,transferred to,shareholders
”Ceylinco Life,transferred in,respect
Ceylinco Life’s,earnings per,share
Ceylinco Life’s,earnings for,year
Fintrex Finance City Branch,celebrated amidst,blessings
Fintrex Finance City Branch,celebrated on,February
Fintrex Finance City Branch,celebrated at,premises
Fintrex,earned Through,orientation
Fintrex,earned in,industry
Fintrex,earned in,span
LANKAQR,campaign in,GalleThe
LCB Finance,formed in,Region
LCB Finance,formed in,2016
NDB Investment Bank,Head of,Advisory
Wealth Trust SecuritiesThe,undersubscribed for,weekBy
CBSL,holding of,securities
Pan Asia Bank,played In,addition
Pan Asia Bank,played in,making
Pan Asia Bank,included among,Corporates
Pan Asia Bank,included for,year
Pan Asia Bank,included in,recognition
Pan Asia Bank,celebrated in,2020
Tesla Inc,from to,Mellon
Commercial Bank of Ceylon’s,increased by,"150,000"
Commercial Bank of Ceylon’s,increased in,months
CLC,Head of,Finance
CLC Islamic Finance,Head of,Finance
Islamic Banking Division,Head of,Finance
IBD,Division of,Leasing
CLC,Division of,Leasing
CLC,Head of,Division
”CLC Islamic Finance,reaping from,platforms
”CLC Islamic Finance,reaping for,solutions
CLC Islamic Finance,recognised during,just
CLC Islamic Finance,recognised during,awards
CLC Islamic Finance,recognised at,editions
Islamic Finance Forum of South Asia (,Awards with,accolades
Islamic Finance,Entity of,Year
Islamic Finance,Entity to,name
Islamic Finance Leasing Company,Entity of,Year
Islamic Finance Leasing Company,Entity to,name
Islamic Finance Window/Unit of,Company of,Year
CLC Islamic Finance,is with,pool
CLC Islamic Finance,caters to,base
the Islamic Business Division (,operates as,Window
the Islamic Business Division (,operates under,licence
SDB bank,continued Through,emphasis
BOC,implemented at,height
BOC,implemented in,2020
BOC,culture of,delegation
BOC,afforded Towards,end
BOC,culture of,understanding
BOC,affords Towards,end
GBCSL,Council of,Lanka
MBI,Bank of,India
the Galle Heritage Foundation,Department of,Archeology
the Galle Municipal Council,Department of,Archeology
JBMMF,provides with,yield
JBMMF,provides with,flexibility
ICRA,Limited of,India
SEC,Commission of,Lanka
Moody’s Investors Service,company of,Agency
NSB,rating of,AAA
NDB IB,take in,arranged
NDB IB,been In,addition
NDB IB,been in,forefront
NDB IB,played in,space
HNBA,were in,2020
HNBGI,adapted As,corporate
HNBGI,is with,need
HNBGI,cultivated Over,time
UN ESCAP,Chief of,Financing
The International Chamber of Commerce of Sri Lanka,organising in,collaboration
United Nations,Chief of,Financing
ESCAP,Chief of,Financing
UNESCAP,estimated at,trillion
Sri Lanka Insurance Motor Plus,joins with,one
Vogue Jewellers,jewellers of,Lanka
SANASA,named In,context
SANASA,named for,winner
SANASA Life Insurance,won In,year
SANASA Brokers,joined as,clerk
SANASA Brokers,joined in,1997
SANASA Insurance Company,dividing into,two
SANASA Life,launched By,dividing
SANASA Life,launched as,firms
All Lanka Mutual Assurance Organization,established in,October
CNCI,Chamber of,Industries
the Board of Asia Capital,comprises With,appointment
the Board of Asia Capital,comprises of,Ratnayake
Chartered Institute of Management Accountants,Institute of,Accountants
the Board of Directors,comprises With,appointment
the Board of Directors,comprises of,Alles
MSCI,index of,shares
JPMorgan Private Bank,head of,strategy
the Sampath Bank’s,Board of,Directors
the Board of Directors,joined in,1993
Knit,facilities in,Lanka
LB Finance,offers with,history
SEC,Commission of,Lanka
the Colombo Stock Exchange,Commission of,Lanka
CSE,commenced in,2016
SCE,went through,that
Kala Pola,provided since,launch
CSR,entity of,Group
Nations Trust,welcomed as,Partner
Kala Pola,enabled Over,years
The George Keyt Foundation,remain At,time
The Colombo Stock Exchange,collaborated on,project
SEC,Commission of,Lanka
District General Hospital,Hospital of,Avissawella
District General Hospital,Hospital of,Mannar
Homagama Base Hospital,Hospital of,Polonnaruwa
Commercial Bank of Ceylon PLC,Bank of,Ceylon
Commercial Bank of Ceylon PLC,Bank of,PLC
DFCC Bank PLC,Bank of,Ceylon
DFCC Bank PLC,Bank of,PLC
Dialog Axiata PLC,Bank of,Ceylon
Dialog Axiata PLC,Bank of,PLC
Dipped Products PLC,Bank of,Ceylon
Dipped Products PLC,Bank of,PLC
Distilleries Company of Sri Lanka PLC,Bank of,Ceylon
Distilleries Company of Sri Lanka PLC,Bank of,PLC
the Sri Lanka Navy,recovered On,Wednesday
SLN,stated In,release
the Northwestern Naval Command,was during,operation
SLN,apprehended In,operation
SLN,apprehended on,November
SLN,apprehended in,area
SLN,deployed on,beaches
The Sri Lanka Customs,apprehended since,inclusion
First Capital Holdings PLC,recorded for,year
First Capital Holdings,recorded for,year
ICRA Ratings,upgraded with,outlook
First Capital Holdings PLC,upgraded with,outlook
First Capital Holdings PLC,declared in,March
TFC,obtain from,depositors
CBSL,authorised In,terms
CBSL,authorised for,objectives
TFC,mismanaged in,interests
TFC,advised of,scheme
the Monetary Board,take of,depositors
CBSL,agreed Under,agreement
a Presidential Commission of Inquiry,appoint in,face
CBSL,intervened into,affairs
CBSL,intervened by,appointing
CBSL,advise of,companies
CBSL,advise of,and
CBSL,advise of,guaranteed
the Shanghai Jiaotong University School of Medicine,carried In,2008
Pennington Biomedical Research Centre,School of,Medicine
Pennington Biomedical Research Centre,School in,USA
Link Natural Products (Pvt) Ltd,uses in,medicines
Link Natural Products (Pvt) Ltd,uses in,","
Link Natural Products (Pvt) Ltd,uses in,and
Link Natural Products (Pvt) Ltd,uses in,in
Warakagoda,turned to,techniques
SLN,stated in,release
Sri Lanka Coast Guard,found During,patrol
Sri Lanka Coast Guard,found after,inspecting
the North Central Naval Command,nabbed During,operation
Navy,seized In,operation
Navy,seized in,sacks
SLN,apprehended in,operation
The Colombo Stock Exchange,engaged through,Forum
SEC,Commission of,Lanka
JVP,been for,time
JVP,staged in,2009
UNP,was in,power
NPF,reveals by,suggesting
NPF,depends on,garnering
NPF,deals with,issue
NPF,deals by,introducing
NPF,reveals by,suggesting
NPF,depends on,garnering
NPF,deals with,issue
NPF,deals by,introducing
SEC,Commission of,Lanka
BOC,Bank of,Ceylon
Group,was With,coming
Access Engineering,visit For,information
Aitken Spence,visit For,information
Chevron Lubricants,visit For,information
Commercial Bank of Ceylon,visit For,information
DFCC Bank,visit For,information
Dialog Axiata,visit For,information
Expolanka Holdings,visit For,information
Union Bank of Colombo,Bank of,Colombo
ADFM,implemented in,response
CSE,Head of,Marketing
CIMA,Institute of,Accountants
SEC,restricted to,role
SEC,been over,months
The Colombo Stock Exchange,signed with,Institute
CIMA,Institute of,Accountants
CSE,work with,together
CSE,work with,CIMA
CSE,work on,number
CSE,thank for,support
LSEG,focused on,delivering
LSEG,involvement in,Lanka
the Central Bank of Sri Lanka,guardian of,landscape
CBSL,Bank of,Lanka
The Central Bank,issues in,addition
the Central Bank,done despite,having
ETI,is in,position
Finance,closed without,informing
the Seylan Bank,saved in,protecting
University of Sri Jayewardenpura,Department of,Psychiatry
Police,monitor for,content
the Presidential Commission to Inquire into the Bond Scam,recommended In,series
the Bond Commission,considered in,making
Commission,handed on,which
Commission,handed to,President
the Public Debt Department,been During,period
the Public Debt Department,been despite,borrowing
PDD,maintained over,period•
PDD,commended for,degree
Bank,charged In,accordance
Bank,charged with,responsibility
the Central Bank,distinguish from,entity
the Central Bank’s,objectives of,stability
CBSL,made At,time
CBSL,made in,accordance
the Central Bank,recorded in,terms
the Bond Commission,referred in,arriving
the Bond Commission,referred to,fall
Commission,seems In,doing
EPF,invests in,basis
Court,grant considering,complexity
EPF,Report for,2014
EPF,Reports for,years
EPF,embraces as,component
Treasury,bonds of,maturities
EPF,indulged in,‘
EPF,indulged in,pumping
EPF,indulged without,evidence
EPF,indulged despite,ruling
Supreme Court,ruling of,No
the Monetary Board,involved In,keeping
the Monetary Board,involved in,manner
the Monetary Board,involved in,drawing
the Monetary Board,been in,charge
CBSL,suffered by,actions
the Monetary Board,do Considering,revelations
the Monetary Board,defended On,occasions
Chrissworld Ltd.,said in,interview
Chrissworld,incorporated in,2013
Chrissworld,run with,professionally
Chrissworld,run with,and
Chrissworld,run with,lot
Chrissworld Ltd,attract from,Market?A
NIO,is ”After,listing
CATL,became In,2018
the Colombo Stock Exchange,investment in,market
Customs,tariff on,footwear
an International Multi-Currency Exchange,establish within,Colombo
the Colombo Stock Exchange,partner in,establishing
CSE,work with,regulators
CSE,work in,providing
Asia Securities (Pvt) Ltd,stated in,report
Asia Securities Research,sees With,risk
Bloomberg,point at,growing
Bloomberg,point at,at
Asia Securities Research,notes With,prospects
SEC,Commission of,Commission
Ant Group’s,listing on,exchanges
Alibaba,attributed to,conflict
the Central Bank,monitoring for,time
BASEL,rules on,banks
the Central Bank,proposed With,regard
The Central Bank,cut by,points
The Central Bank,cut to,cent
Bank,noted in,communique
the Colombo Stock Exchange,witnessed during,period
Association,working with,stakeholders
SEC,Commission of,Lanka
CSBA,is to,which
CSBA,consists of,firms
Government,help in,situation
Government,scared of,owners
The Colombo Stock Exchange,implemented on,August
GRI,coordinator for,Asia
GRI,worked Since,2018
Prime Lands Residencies‘,oversubscribed on,day
Prime Lands Residencies,wish in,future
The Australian Centre for International Agricultural Research,1995 2003,-
ACIAR,Centre for,Research
Cabinet,resolution for,implementing
JCU,University in,collaboration
NAQDA,Authority of,Lanka
Wayamba University of Sri Lanka,Authority of,Lanka
WUSL,University of,Lanka
University of Ruhuna,University of,Lanka
UoR,University of,Ruhuna
NAQDA,role in,project
NAQDA,provide through,Societies
NAQDA,provide for,purposes
CBF,projects in,region
The Colombo Stock Exchange,performed in,months
The Colombo Stock Exchange,performed with,appreciating
SEC,commenced As,step
SEC,assist in,organising
SEC,are in,process
CSE,Head of,Marketing
CSE,Head of,Research
SLBFE,Bureau of,employment
SLBFE,ban on,departure
the Central Bank,come In,situation
the Central Bank,come to,forefront
The Central Bank,guaranteeing with,reimbursement
Government,resumed of,Instead
Government,resumed of,going
Opposition,was in,Government
Eau de Bouteille,reached In,States
Nations Trust Bank,coming as,Partner
Kala Pola,continue in,future
the John Keells Group,remains ”“At,time
John Keells Foundation,Head of,Operations
Group,roadmap within,area
John Keells Group,provides With,history
John Keells Group,provides to,persons
The Securities and Exchange Commission of Sri Lanka,entered into,Memorandum
The Securities and Exchange Commission of Sri Lanka,entered with,General
SEC,Commission of,Lanka
the Colombo Stock Exchange,Commission of,Lanka
DRP,Department for,Registration
the Colombo Stock Exchange,investment in,market
the Consumer Affairs Authority,began from,yesterday
Government,price of,98
Army,deployed in,purchasing
Parliament,told on,Friday
Community Ninja,titles at,startups
The Colombo Stock Exchange,requested from,provider
Seylan Bank PLC,secured in,edition
Seylan Bank,moved from,ranking
Seylan Bank,moved after,performance
the Colombo Stock Exchange Daily Report,reports of,companies
Bank,stay ”Despite,ride
Chrissworld Limited,listed on,Board
Chrissworld Limited,listed from,May
Ruhunu Lanka Minerals,affiliated to,Group
Crystal Stone,founded with,dream
Crystal Stone,has with,growth
Crystal Stone,calls for,ban
Crystal Stone,is at,heart
Crystal Stone,employs In,sourcing
Government,anticipates in,Budget
CSE,embarked through,activities
CSE,embarked on,drive
CSE,embarked in,2017
CSE,work with,Commission
CSE,work “,Forums
SEC,Commission of,Lanka
CSE,conducting In,addition
The Securities and Exchange Commission of Sri Lanka,initiated in,2020
SEC,Commission of,Lanka
the Colombo Stock Exchange,Commission of,Lanka
CSE,launched In,drive
CSE,launched in,September
CSE,is As,phase
Zilingo,acquiring for,million
nCinga,acquiring for,million
nCinga,acquisition by,Zilingo
nCinga,acquisition in,2019
”BOV Capital,done with,investment
SEC,Commission of,Lanka
the Colombo Stock Exchange,Commission of,Lanka
University of Sri Jayawardenapura,Department of,Accounting
CSE,Head of,Research
CSE,return to,operating
CSE,engage with,Government
CSE,focus on,strategies
The Stock Exchange,aims at,attracting
CSE,comprised As,of
CSE,taken Given,level
CSE,taking in,past
IFC,partnered for,year
CSE,partnered for,year
IFC,work in,area
Commercial Bank,Bank of,PLC
Exchange,Support on,initiatives
The Stock Exchange,plays in,allowing
European Central Bank,statistics as,at
The Sri Lanka Export Development board,take to,developments
The Colombo Stock Exchange,recorded on,Wednesday
The Colombo Stock Exchange,recorded with,reaching
the Colombo Stock Exchange,recorded in,January
The Colombo Stock Exchange,contact on,011
The Colombo Stock Exchange,contact on,-
The Colombo Stock Exchange,contact on,2356514.Courtesy
The National Chamber of Commerce,hold on,Friday
The National Chamber of Commerce,hold from,a.m.
The National Chamber of Commerce,hold to,a.m.
The National Chamber of Commerce,hold at,auditorium
the Colombo Stock Exchange,Chamber of,Commerce
CSE,amendments to,rules
CSE,hopes Through,revision
Government,go for,partnership
Arpico Finance Company PLC,introduced on,January
AFC,recognises with,gratitude
Sri Lanka Basketball,approved in,plan
Ministries of Sport,requested for,guidelines
EY,appointed as,auditors
EY,appointed to,SLBF
FIBA International,come on,board
FIBA,Ministry of,Sports
State Enterprise Reforms,Minister for,Money
SEC,work on,expediting
SEC,Commission of,Lanka
CSE,reach on,or
CSE,reach on,before
The Colombo Stock Exchange,partnered with,Academy
the Colombo Stock Exchange,recorded In,account
The Colombo Stock Exchange,recorded within,months
WindForce Ltd,listed at,CSE
WindForce Ltd,listed in,April
CSE,Website of,ExchangeCSE
Opposition,rubbing in,glee
Chamber,entered with,Rajapaksa
HR,continue Over,term
Hatch,completed Amid,backdrop
The Vegan Kitchen by Sulo,Kitchen by,Sulo
Penelope - AmraWazeer,introduced to,market
The Colombo Stock Exchange,showcased during,months
CSE,facilitated To,date
CSE,facilitated since,2014
State,institutions as,such
State,institutions as,Board
CSE,established With,opting
CSE,established as,source
The Colombo Stock Exchange,record after,probably
The Colombo Stock Exchange,record after,quarter
The Colombo Stock Exchange,record following,Elections
SEC,Commission of,Lanka
Government,has under,state
CHEC Port City Colombo Pvt Limited,Government of,Lanka
CCCC,ranked as,93rd
CCCC,ranked in,2019
CCCC,has in,Lanka
CCCC,has since,1998
EMC,venture between,CPCC
SEC,Commission of,Lanka
CSE,categorized as,exchange
the Council for Startups,held In,line
CFS,Council for,Startups
CFS,Council of,Chamber
CCC,Chamber of,Commerce
the Colombo Stock Exchange,Council for,Startups
the Colombo Stock Exchange,Council of,Chamber
The Colombo Stock Exchange,organised in,association
The Colombo Stock Exchange,organised in,Jaffna
SEC,Commission of,Lanka
The World Bank,confirmed through,studies
Government,have with,being
SEC,Commission of,Lanka
Commission,members of,SEC
Piramal Glass Ceylon PLC,reported with,turnover
”Piramal Glass (Pvt) Limited,entered into,Agreement
”Piramal Glass (Pvt) Limited,entered for,sale
PGP Glass,made by,Document
PGP Glass,made at,price
Parliament,passed with,amendments
Congress,pass by,end
G20,Group of,20
the US,House of,Representatives
National Operations Centre for Prevention of Covid-19 Outbreak,Head of,Centre
The Sri Lanka Army,transport to,areas
“The State Pharmaceutical Corporation,place within,days
“The State Pharmaceutical Corporation,place with,Institute
SII,Institute of,India
Lai,is Under,filings
Apple Daily,warned about,coverage
TAMAP,brought in,collaboration
EU,support for,e
EU,support for,-
EU,support for,agriculture
FAO,Strategy for,e
FAO,Strategy for,-
FAO,Strategy for,Agriculture
FAO,Representative in,Lanka
the National Agriculture Information and Communication Centre,spoke As,agency
the National Agriculture Information and Communication Centre,spoke on,‘
the National Agriculture Information and Communication Centre,spoke on,are
Department of Agriculture,representative at,workshop
IMF,distributed among,countries
IMF,distributed on,August
IMF,distributed in,proportion
IMF,allocated to,countries
IMF,allocated in,2009
the Bangladesh Bank,Bank of,Lanka
The Central Bank,raised by,points
The Central Bank,raised to,percent
The Central Bank,raised by,points
The Central Bank,raised to,percent
The Central Bank,raised to,addressing
the Colombo Stock Exchange,investment in,market
CSE,commence at,am
Vallibel One’s,entry into,Index
Vallibel One’s,entry at,Exchange
NASA,invested on,companies
Political Bureau,Member of,Party
the Foreign Ministry,facilitated As,part
the Foreign Ministry,facilitated on,Friday
Political Bureau,Member of,Party
Colombo Stock Exchange’s,Rules on,holding
CSE,valued at,billion
CSE,valued according,to
Asia Capital,maintain according,to
Asia Capital,maintain as,per
The Ceylon Chamber of Commerce,Board of,Investment
the Colombo Stock Exchange,Chamber of,Commerce
Government,placed above,barely
Government,placed above,water
Opposition,stoop to,level
Expolanka Holdings PLC,was with,gaining
Browns Investments,remained as,contributors
Browns Investments,remained during,day
CSE,commence In,connection
SEC,Commission of,Lanka
CSE,offers for,companies
CSE,offers through,platforms
CSE,open for,trading
CSE,open despite,times
CSE,kept in,times
Parliament,convened after,June
SEC SL,Commission of,Lanka
CSE,agreeing to,basis.c
EY,University of,Gallen
the Diri Savi,are for,companies
the Colombo Stock Exchange,continue Following,IPO
St. Thomas’ College,Educated at,College
Power World Gyms,were From,inception
Power World gyms,took from,being
Power World gyms,took to,being
Power World gyms,took within,years
CSE,introduced as,product
CSE,introduced on,CSE
The Women’s Chamber,congratulates for,presenting
Access Engineering,visit For,information
Aitken Spence,visit For,information
Chevron Lubricants,visit For,information
Commercial Bank of Ceylon,visit For,information
DFCC Bank,visit For,information
Dialog Axiata,visit For,information
Expolanka Holdings,visit For,information
Union Bank of Colombo,Bank of,Colombo
JAT Holdings Limited,Offering of,Shares
JAT Holdings Limited,Offering by,way
JAT Holdings Limited,welcome as,listing
JAT Holdings Limited,welcome on,CSE
JAT Holdings Limited,welcome with,IPO
CSE,establishing as,facilitator
SEC,Commission of,Lanka
the Ceylon,Chamber of,Commerce
SEC,commenced with,stakeholders
SEC,commenced since,January
Ministry of Finance,Bank of,Lanka
CEB,raise with,option
CEBis,rated as,AA-(lka
CEBis,rated as,)
CEBis,rated with,StableOutlook
the Colombo Stock Exchange,recorded during,month
the Central Bank,was With,inflows
CBSL,Bank of,Lanka
CBSL,curtailed On,March
the Sri Lanka Foreign Employment Bureau,restricted on,March
CBSL,spearhead by,guiding
